Gene, CallReason, Loc, RefBase, CallBase, Freq, LocalSeq 
Bcl2 , 1 ,41,T,C,0.420715 , TTCTGTGAAGCAGAAGT
Bcl2 , 1 ,45,G,T,0.417491 , GTGAAGCAGAAGTCTGG
Bcl2 , 1 ,49,A,C,0.00281051 , AGCAGAAGTCTGGGAAT
Bcl2 , 1 ,61,G,A,0.401285 , GGAATCGATCTGGAAAT
Bcl2 , 1 ,61,G,T,0.00114607 , GGAATCGATCTGGAAAT
Bcl2 , 1 ,92,C,T,0.019518 , CTCCCTCTCCCCGCGAC
Bcl2 , 1 ,104,G,C,0.996728 , GCGACTCCTGATTCATT
Bcl2 , 1 ,107,A,G,0.00664068 , ACTCCTGATTCATTGGG
Bcl2 , 1 ,113,G,C,0.38636 , GATTCATTGGGAAGTTT
Bcl2 , 1 ,136,A,T,0.403636 , AGCTATAACTGGAGAGT
Bcl2 , 1 ,139,T,C,0.406851 , TATAACTGGAGAGTGCT
Bcl2 , 1 ,141,T,A,0.406851 , TAACTGGAGAGTGCTGA
Bcl2 , 1 ,143,A,C,0.406851 , ACTGGAGAGTGCTGAAG
Bcl2 , 1 ,164,A,G,0.410308 , ATGGGATCGTTGCCTTA
Bcl2 , 1 ,165,T,A,0.00497386 , TGGGATCGTTGCCTTAT
Bcl2 , 1 ,179,T,G,0.413164 , TATGCATTTGTTTTGGT
Bcl2 , 1 ,183,C,G,0.00621722 , CATTTGTTTTGGTTTTA
Bcl2 , 1 ,184,A,T,0.413164 , ATTTGTTTTGGTTTTAC
Bcl2 , 1 ,198,T,G,0.418741 , TACAAAAAGGAAACTTG
Bcl2 , 1 ,202,A,G,0.0690951 , AAAAGGAAACTTGACAG
Bcl2 , 1 ,203,A,T,0.0608329 , AAAGGAAACTTGACAGA
Bcl2 , 1 ,208,A,G,0.00870544 , AAACTTGACAGAGGATC
Bcl2 , 1 ,228,C,T,0.40713 , CTGTACTTAAAAAATAC
Bcl2 , 1 ,232,A,G,0.00126615 , ACTTAAAAAATACAAGT
Bcl2 , 1 ,233,C,T,0.00377836 , CTTAAAAAATACAAGTA
Bcl2 , 1 ,235,T,C,0.397391 , TAAAAAATACAAGTAAG
Bcl2 , 1 ,242,T,A,0.392315 , TACAAGTAAGTTCTCTG
Bcl2 , 1 ,244,C,T,0.392315 , CAAGTAAGTTCTCTGCA
Bcl2 , 1 ,248,T,C,0.0036224 , TAAGTTCTCTGCACAGG
Bcl2 , 1 ,268,T,C,0.438806 , TTGGTTTAATGTAACTT
Bcl2 , 1 ,271,G,C,0.438806 , GTTTAATGTAACTTTCA
Bcl2 , 1 ,274,T,C,0.451736 , TAATGTAACTTTCAATG
Bcl2 , 1 ,276,A,G,0.00267908 , ATGTAACTTTCAATGGA
Bcl2 , 1 ,282,C,G,0.446725 , CTTTCAATGGAAACCTT
Bcl2 , 1 ,284,T,C,0.456483 , TTCAATGGAAACCTTTG
Bcl2 , 1 ,288,A,G,0.456483 , ATGGAAACCTTTGAGAT
Bcl2 , 1 ,292,A,T,0.446535 , AAACCTTTGAGATTTTT
Bcl2 , 1 ,293,A,G,0.380399 , AACCTTTGAGATTTTTT
Bcl2 , 1 ,296,C,T,0.446535 , CTTTGAGATTTTTTACT
Bcl2 , 1 ,310,A,G,0.41814 , ACTTAAAGTGCATTCGA
Bcl2 , 1 ,320,C,G,0.410672 , CATTCGAGTAAATTTAA
Bcl2 , 1 ,336,A,T,0.405957 , ATTTCCAGGCAGCTTAA
Bcl2 , 1 ,338,T,C,0.405957 , TTCCAGGCAGCTTAATA
Bcl2 , 1 ,347,G,A,0.403281 , GCTTAATACATTCTTTT
Bcl2 , 1 ,348,C,T,0.403281 , CTTAATACATTCTTTTT
Bcl2 , 1 ,353,T,A,0.395224 , TACATTCTTTTTAGCCG
Bcl2 , 1 ,354,A,G,0.395224 , ACATTCTTTTTAGCCGT
Bcl2 , 1 ,355,C,T,0.00299844 , CATTCTTTTTAGCCGTG
Bcl2 , 1 ,356,A,G,0.0651421 , ATTCTTTTTAGCCGTGT
Bcl2 , 1 ,358,T,C,0.0537055 , TCTTTTTAGCCGTGTTA
Bcl2 , 1 ,367,C,T,0.00118696 , CCGTGTTACTTGTAGTG
Bcl2 , 1 ,372,T,C,0.0551431 , TTACTTGTAGTGTGTAT
Bcl2 , 1 ,374,A,G,0.0108838 , ACTTGTAGTGTGTATGC
Bcl2 , 1 ,376,T,C,0.389514 , TTGTAGTGTGTATGCCC
Bcl2 , 1 ,381,G,C,0.00747711 , GTGTGTATGCCCTGCTT
Bcl2 , 1 ,394,G,C,0.381177 , GCTTTCACTCAGTGTGT
Bcl2 , 1 ,397,T,C,0.00370201 , TTCACTCAGTGTGTACA
Bcl2 , 1 ,407,G,A,0.00915959 , GTGTACAGGGAAACGCA
Bcl2 , 1 ,410,T,C,0.00552149 , TACAGGGAAACGCACCT
Bcl2 , 1 ,413,A,G,0.0459646 , AGGGAAACGCACCTGAT
Bcl2 , 1 ,413,A,T,0.331684 , AGGGAAACGCACCTGAT
Bcl2 , 1 ,418,A,G,0.392778 , AACGCACCTGATTTTTT
Bcl2 , 1 ,421,G,A,0.392778 , GCACCTGATTTTTTACT
Bcl2 , 1 ,441,T,G,0.443575 , TAGTTTGTTTTTTCTTT
Bcl2 , 1 ,444,T,C,0.0630335 , TTTGTTTTTTCTTTAAC
Bcl2 , 1 ,449,T,A,0.0653977 , TTTTTCTTTAACCTTTC
Bcl2 , 1 ,449,T,C,0.394931 , TTTTTCTTTAACCTTTC
Bcl2 , 1 ,451,T,C,0.0376971 , TTTCTTTAACCTTTCAG
Bcl2 , 1 ,457,T,C,0.475119 , TAACCTTTCAGCATCAC
Bcl2 , 1 ,459,A,G,0.475119 , ACCTTTCAGCATCACAG
Bcl2 , 1 ,467,G,C,0.0115141 , GCATCACAGAGGAAGTA
Bcl2 , 1 ,469,A,G,0.0119312 , ATCACAGAGGAAGTAGA
Bcl2 , 1 ,476,A,G,0.478632 , AGGAAGTAGACTGATAT
Bcl2 , 1 ,483,A,G,0.00330828 , AGACTGATATTAACAAT
Bcl2 , 1 ,484,G,A,0.477313 , GACTGATATTAACAATA
Bcl2 , 1 ,486,C,G,0.0646138 , CTGATATTAACAATACT
Bcl2 , 1 ,499,T,G,0.488424 , TACTTACTAATAATAAC
Bcl2 , 1 ,505,C,G,0.11223 , CTAATAATAACGTGCCT
Bcl2 , 1 ,507,A,G,0.0146484 , AATAATAACGTGCCTCA
Bcl2 , 1 ,508,A,G,0.491459 , ATAATAACGTGCCTCAT
Bcl2 , 1 ,510,A,G,0.491459 , AATAACGTGCCTCATGA
Bcl2 , 1 ,513,A,G,0.496815 , AACGTGCCTCATGAAAT
Bcl2 , 1 ,515,C,T,0.00454095 , CGTGCCTCATGAAATAA
Bcl2 , 1 ,527,A,C,0.481122 , AATAAAGATCCGAAAGG
Bcl2 , 1 ,551,A,T,0.437903 , ATAAAAATTTCCTGCAT
Bcl2 , 1 ,553,A,G,0.00371099 , AAAAATTTCCTGCATCT
Bcl2 , 1 ,568,C,T,0.00290761 , CTCATGCCAAGGGGGAA
Bcl2 , 1 ,598,G,C,0.435932 , GTGTTCCGCGTGATTGA
Bcl2 , 1 ,615,A,G,0.00285023 , AGACACCCCCTCGTCCA
Bcl2 , 1 ,617,A,G,0.00803083 , ACACCCCCTCGTCCAAG
Bcl2 , 1 ,628,T,C,0.0011064 , TCCAAGAATGCAAAGCA
Bcl2 , 1 ,635,A,G,0.00804932 , ATGCAAAGCACATCCAA
Bcl2 , 1 ,642,G,A,0.392549 , GCACATCCAATAAAATA
Bcl2 , 1 ,651,A,T,0.0579725 , ATAAAATAGCTGGATTA
Bcl2 , 1 ,659,G,C,0.398699 , GCTGGATTATAACTCCT
Bcl2 , 1 ,663,G,A,0.0265105 , GATTATAACTCCTCTTC
Bcl2 , 1 ,671,C,T,0.410209 , CTCCTCTTCTTTCTCTG
Bcl2 , 1 ,679,C,G,0.000940898 , CTTTCTCTGGGGGCCGT
Bcl2 , 1 ,705,G,A,0.264494 , GCTGGGGCGAGAGGTGC
Bcl2 , 1 ,717,G,C,0.217279 , GGTGCCGTTGGCCCCCG
Bcl2 , 1 ,723,G,A,0.238877 , GTTGGCCCCCGTTGCTT
Bcl2 , 1 ,749,G,A,0.399259 , GAAGGATGGCGCACGCT
Bcl2 , 1 ,752,G,C,0.399259 , GGATGGCGCACGCTGGG
Bcl2 , 1 ,753,G,A,0.399259 , GATGGCGCACGCTGGGA
Bcl2 , 1 ,763,G,A,0.427411 , GCTGGGAGAACAGGGTA
Bcl2 , 1 ,774,A,G,0.995958 , AGGGTACGATAACCGGG
Bcl2 , 1 ,779,A,T,0.00306311 , ACGATAACCGGGAGATA
Bcl2 , 1 ,786,C,T,0.440449 , CCGGGAGATAGTGATGA
Bcl2 , 1 ,795,A,C,0.0604029 , AGTGATGAAGTACATCC
Bcl2 , 1 ,804,G,A,0.422858 , GTACATCCATTATAAGC
Bcl2 , 1 ,804,G,C,0.00507408 , GTACATCCATTATAAGC
Bcl2 , 1 ,811,C,T,0.00183282 , CATTATAAGCTGTCGCA
Bcl2 , 1 ,813,T,C,0.0493059 , TTATAAGCTGTCGCAGA
Bcl2 , 1 ,819,G,A,0.423186 , GCTGTCGCAGAGGGGCT
Bcl2 , 1 ,839,A,G,0.0579468 , AGTGGGATGCGGGAGAT
Bcl2 , 1 ,850,G,C,0.480969 , GGAGATGTGGGCGCCGC
Bcl2 , 1 ,860,G,T,0.573041 , GCGCCGCGCCCCCGGGG
Bcl2 , 3 ,871,C,G,0.211111 , CCGGGGGCCGCCCCCGC
Bcl2 , 3 ,875,G,C,0.133333 , GGGCCGCCCCCGCACCG
Bcl2 , 1 ,888,A,C,0.0220665 , ACCGGGCATCTTCTCCT
Bcl2 , 1 ,903,C,T,0.677079 , CTCCCAGCCCGGGCACA
Bcl2 , 1 ,928,C,T,0.696999 , CCAGCCGCATCCCGGGA
Bcl2 , 1 ,932,C,T,0.696999 , CCGCATCCCGGGACCCG
Bcl2 , 1 ,942,G,A,0.679825 , GGACCCGGTCGCCAGGA
Bcl2 , 1 ,966,G,A,0.0399361 , GCTGCAGACCCCGGCTG
Bcl6 , 2 ,78,G,-,0.00420981 , GCCGCCGCCGCCGCTGT
Bcl6 , 2 ,79,C,-,0.00420981 , CCGCCGCCGCCGCTGTT
Bcl6 , 2 ,80,C,-,0.00420981 , CGCCGCCGCCGCTGTTG
Bcl6 , 1 ,162,C,T,0.139505 , CCGCTCTTGCCAAATGC
Bcl6 , 2 ,162,C,-,0.0884334 , CCGCTCTTGCCAAATGC
Bcl6 , 1 ,203,A,G,0.344158 , ATCTATTGATATAAATG
Bcl6 , 1 ,205,C,G,0.0259871 , CTATTGATATAAATGTA
Bcl6 , 1 ,223,A,C,0.00444297 , ATATTTATTTATTCTAG
Bcl6 , 1 ,254,A,G,0.299167 , AATAAATGCCGAAGATT
Bcl6 , 1 ,270,T,A,0.290883 , TAGTCCCACGTCTCTCC
Bcl6 , 1 ,285,C,T,0.335968 , CCCACCATAGGATATAG
Bcl6 , 1 ,295,G,A,0.00934254 , GATATAGATTGTTATGT
Bcl6 , 1 ,299,T,G,0.344484 , TAGATTGTTATGTATTT
Bcl6 , 1 ,306,T,C,0.344484 , TTATGTATTTATTATTA
Bcl6 , 1 ,307,T,G,0.295547 , TATGTATTTATTATTAT
Bcl6 , 1 ,316,A,C,0.351904 , ATTATTATTATTGTTGT
Bcl6 , 1 ,319,A,G,0.297909 , ATTATTATTGTTGTCTT
Bcl6 , 1 ,325,A,C,0.346885 , ATTGTTGTCTTTGAGTG
Bcl6 , 1 ,326,T,A,0.299081 , TTGTTGTCTTTGAGTGA
Bcl6 , 1 ,334,T,G,0.321731 , TTTGAGTGAATCGGCCG
Bcl6 , 1 ,352,T,A,0.273334 , TTTGGGGAGGCTTTTGC
Bcl6 , 1 ,355,G,C,0.273334 , GGGGAGGCTTTTGCCAC
Bcl6 , 1 ,365,T,C,0.259989 , TTGCCACCCTCCCTTGT
Bcl6 , 1 ,368,C,G,0.280317 , CCACCCTCCCTTGTGTT
Bcl6 , 1 ,374,T,C,0.258018 , TCCCTTGTGTTGTTTTG
Bcl6 , 1 ,378,T,C,0.295419 , TTGTGTTGTTTTGGTTT
Bcl6 , 1 ,383,T,C,0.257842 , TTGTTTTGGTTTTTGGA
Bcl6 , 1 ,388,T,G,0.257842 , TTGGTTTTTGGAAAGGA
Bcl6 , 1 ,446,C,T,0.314357 , CAGAGAGGACGAGACAG
Bcl6 , 1 ,452,G,A,0.33256 , GGACGAGACAGTGCTTG
Bcl6 , 1 ,547,T,C,0.281934 , TGCTGCTGCTTGCGTAC
Bcl6 , 2 ,558,G,A,0.00348798 , GCGTACGGCTTGTGATC
Bcl6 , 1 ,572,A,G,0.332477 , ATCTCTCTGGATTCGTG
Bcl6 , 1 ,585,C,T,0.329995 , CGTGCGGCTGTGTTTTT
Bcl6 , 1 ,597,T,G,0.29438 , TTTTTTCCCTCTTTTCT
Bcl6 , 1 ,613,T,A,0.327236 , TCGCTTGCAAACTGCTT
Bcl6 , 1 ,695,C,G,0.297574 , CCCTTCCCCTGTCCTTC
Bcl6 , 1 ,696,C,T,0.0251249 , CCTTCCCCTGTCCTTCT
Bcl6 , 1 ,751,G,C,0.00222614 , GCTCGCCCCGCTGGCTC
Bcl6 , 1 ,845,C,G,0.303836 , CTCTTTGGGTTTTTGTT
Bcl6 , 1 ,852,G,A,0.296642 , GGTTTTTGTTTTTGTTT
Bcl6 , 1 ,853,G,A,0.00539501 , GTTTTTGTTTTTGTTTT
Bcl6 , 1 ,899,A,C,0.00298825 , ATCGTGTCTACTATTTC
CD83 , 2 ,210,G,C,0.0360389 , GGCTCGCGAGCGCCTGT
CD83 , 1 ,383,C,A,0.00208305 , CTGGGATCCGCAGGTTC
CD83 , 1 ,551,C,G,0.321911 , CTTGGAGTACCCAGCCT
CD83 , 1 ,560,C,T,0.324307 , CCCAGCCTCCCGTCGCG
CD83 , 1 ,671,G,A,0.00742374 , GATGAATGATCCACTTA
CD83 , 1 ,690,A,G,0.00897775 , ATGTTTTGGAAGGGCAG
CD83 , 1 ,935,G,C,0.00979835 , GTTATCAGTGGTCATCT
CD83 , 1 ,1205,C,T,0.342121 , CTTCTTTAAGTCAGGCC
CD83 , 1 ,1442,T,-,0.00441184 , TGTGTGTGTGTCTCCTA
CD83 , 1 ,1443,G,-,0.00441184 , GTGTGTGTGTCTCCTAA
Emu , 1 ,352,G,C,0.343276 , GCATGCCTCCTAAGATA
Emu , 1 ,353,C,T,0.28388 , CATGCCTCCTAAGATAA
Emu , 1 ,384,T,A,0.993586 , TTGGAAACCAGCTTCAA
Emu , 1 ,541,C,G,0.00452708 , CTCTTTCCAGCCAATAA
Emu , 1 ,550,G,A,0.00437343 , GCCAATAAAGAATTTAA
Emu , 1 ,621,T,G,0.052226 , TCGCTGCTGTGCAGCGA
Emu , 2 ,628,T,A,0.0188494 , TGTGCAGCGATCTTGCA
Emu , 1 ,703,G,T,0.293511 , GTTCAGGCATCTCGTCC
Emu , 1 ,782,A,G,0.382368 , ATTTTCCAAAGGCATCG
Emu , 1 ,845,T,C,0.272673 , TCCCCTCCTGGCCAGTC
J6-J4 , 1 ,37,C,T,0.802417 , CCTGCAATGCTCAGGAA
J6-J4 , 1 ,46,C,A,0.00443217 , CTCAGGAAACCCCACAG
J6-J4 , 1 ,131,T,G,0.998247 , TGCCCCAGACGTCCATG
J6-J4 , 1 ,142,T,C,0.990965 , TCCATGTAGTAGTAGTA
J6-J4 , 1 ,146,T,A,0.994112 , TGTAGTAGTAGTAGTAG
J6-J4 , 1 ,147,G,A,0.994112 , GTAGTAGTAGTAGTAGT
J6-J4 , 1 ,149,A,C,0.994112 , AGTAGTAGTAGTAGTAA
J6-J4 , 1 ,163,T,A,0.995363 , TAATCACAATGGCAGAA
J6-J4 , 1 ,246,G,A,0.994318 , GCTGACTGTCCGTGGCC
J6-J4 , 1 ,271,C,T,0.993223 , CCCTTCTCATGGAACCC
J6-J4 , 1 ,340,A,G,0.989963 , ACCACTGTCGGCCTGGG
J6-J4 , 1 ,341,C,T,0.985536 , CCACTGTCGGCCTGGGA
J6-J4 , 1 ,404,A,G,0.960425 , AAAACCCCGGGGGGCAC
J6-J4 , 1 ,431,G,A,0.0591468 , GAGCGGGTGCCTTGGAG
J6-J4 , 1 ,450,G,A,0.00802839 , GGACAGAGTCCCACCAC
J6-J4 , 1 ,467,G,A,0.99297 , GCAATCATCACGACAGC
J6-J4 , 1 ,535,A,G,0.988192 , AGGAGCCCCCCAGCTGC
J6-J4 , 1 ,540,C,G,0.00460671 , CCCCCCAGCTGCCGACA
J6-J4 , 1 ,548,C,T,0.954908 , CTGCCGACATCTGTGGC
J6-J4 , 1 ,594,A,T,0.985557 , ATTCGAAGGGTCCCTCT
J6-J4 , 1 ,596,T,C,0.0240626 , TCGAAGGGTCCCTCTCC
J6-J4 , 1 ,611,C,T,0.997217 , CCCCGGCTTTCTTTCCT
J6-J4 , 1 ,613,C,T,0.997986 , CCGGCTTTCTTTCCTGA
J6-J4 , 1 ,616,G,A,0.997986 , GCTTTCTTTCCTGACCT
J6-J4 , 1 ,641,C,A,0.00549954 , CCTCCAAGACTCTGACC
J6-J4 , 1 ,643,T,C,0.995788 , TCCAAGACTCTGACCCT
J6-J4 , 1 ,686,A,T,0.983928 , AAGTGGACTCAGAGAGG
J6-J4 , 2 ,754,G,-,0.0215429 , GGGGTCGAACCAGTTGT
J6-J4 , 2 ,755,G,-,0.0215429 , GGGTCGAACCAGTTGTC
J6-J4 , 1 ,763,C,G,0.855009 , CCAGTTGTCACATTGTG
J6-J4 , 3 ,802,C,-,0.483051 , CAAGAACTGGCGCCCCG
J6-J4 , 3 ,803,A,-,0.483051 , AAGAACTGGCGCCCCGC
J6-J4 , 3 ,809,T,G,0.305085 , TGGCGCCCCGCTACGTC
J6-J4 , 3 ,809,T,-,0.177966 , TGGCGCCCCGCTACGTC
J6-J4 , 3 ,814,C,T,0.177966 , CCCCGCTACGTCCCTGG
J6-J4 , 3 ,836,T,-,0.177251 , TCTCAGACTGAGCCCGG
J6-J4 , 3 ,837,C,-,0.177251 , CTCAGACTGAGCCCGGG
J6-J4 , 3 ,838,T,-,0.177251 , TCAGACTGAGCCCGGGG
J6-J4 , 3 ,841,G,A,0.792417 , GACTGAGCCCGGGGAGG
J6-J4 , 3 ,842,A,-,0.128663 , ACTGAGCCCGGGGAGGG
J6-J4 , 3 ,843,C,-,0.128663 , CTGAGCCCGGGGAGGGC
J6-J4 , 3 ,844,T,-,0.128663 , TGAGCCCGGGGAGGGCC
J6-J4 , 2 ,854,G,C,0.934337 , GAGGGCCCGGGGGTTGT
J6-J4 , 1 ,904,T,C,0.993967 , TGGCCACAGAGAGACCC
J6-J4 , 1 ,924,C,T,0.998215 , CTGCTGGGCTCAGGAGG
J6-J4 , 1 ,927,C,T,0.995114 , CTGGGCTCAGGAGGAAG
J6-J4 , 1 ,936,G,C,0.00623737 , GGAGGAAGGAGCATCTG
J6-J4 , 1 ,960,T,A,0.996603 , TGCCCCTCGTCTGTGTG
J6-J4 , 1 ,973,T,G,0.997637 , TGTGGCCGCTGTTGCCT
J6-J4 , 1 ,982,T,C,0.117905 , TGTTGCCTCAGGGCATC
J6-J4 , 1 ,1016,A,C,0.985932 , ATGCTCCGGGGCTCTCT
J6-J4 , 2 ,1017,T,C,0.00619179 , TGCTCCGGGGCTCTCTT
J6-J4 , 3 ,1035,G,A,0.118421 , GCAGGAGACCCAGCACC
J6-J4 , 3 ,1036,C,G,0.118421 , CAGGAGACCCAGCACCC
J6-J4 , 1 ,1047,G,A,0.999491 , GCACCCTTATTTCCCCC
J6-J4 , 1 ,1050,C,T,0.999491 , CCCTTATTTCCCCCCAG
J6-J4 , 1 ,1054,T,C,0.999491 , TATTTCCCCCCAGAAAT
J6-J4 , 1 ,1066,G,A,0.999951 , GAAATGCAGCAAAACCC
J6-J4 , 1 ,1071,G,C,0.999951 , GCAGCAAAACCCTTCAG
J6-J4 , 1 ,1072,C,A,0.999618 , CAGCAAAACCCTTCAGA
J6-J4 , 1 ,1075,C,G,0.00284758 , CAAAACCCTTCAGAGTT
J6-J4 , 1 ,1080,C,T,0.999289 , CCCTTCAGAGTTAAAGC
J6-J4 , 2 ,1089,G,A,0.00370229 , GTTAAAGCAGGAGAGAG
J6-J4 , 1 ,1090,T,C,0.99771 , TTAAAGCAGGAGAGAGG
J6-J4 , 1 ,1093,A,G,0.980484 , AAGCAGGAGAGAGGTTG
J6-J4 , 3 ,1096,C,T,0.734599 , CAGGAGAGAGGTTGTGA
J6-J4 , 3 ,1100,A,-,0.113991 , AGAGAGGTTGTGAGGAC
KS , 2 ,115,A,G,0.0250708 , AACCAAGTCATTCTGAG
KS , 2 ,570,G,A,0.0100594 , GTTAAAATTCGCGTTAA
KS , 1 ,570,G,T,0.00763235 , GTTAAAATTCGCGTTAA
KS , 2 ,593,G,T,0.00693423 , GTTAAATCAGCTCATTT
Pax5 , 2 ,76,C,G,0.0327504 , CCAAGCTACGCGTTGCC
Pax5 , 1 ,81,C,T,0.348519 , CTACGCGTTGCCGGAGG
Pax5 , 2 ,100,G,A,0.00479965 , GGATTCCCAGGTGCCTC
Pax5 , 1 ,301,G,A,0.297523 , GCATGGATGCAAACGGG
Pax5 , 2 ,548,A,G,0.0165423 , ACCCGGGCTAGGAGCGG
Pax5 , 2 ,549,C,G,0.0246513 , CCCGGGCTAGGAGCGGG
Pax5 , 1 ,675,G,C,0.0109079 , GGCCCGCCTCCGGGACA
Pim1 , 1 ,108,C,T,0.362289 , CCTTCGGCACAGCCCCG
Pim1 , 1 ,155,A,T,0.300861 , ACCGTCCCTGCGCCGAC
Pim1 , 1 ,190,C,T,0.00215743 , CTCTTGTCCAAAATCAA
Pim1 , 1 ,246,G,A,0.290692 , GCACGCCACCAAGCTGG
Pim1 , 1 ,253,A,G,0.286598 , ACCAAGCTGGCGCCCGG
Pim1 , 1 ,367,G,A,0.14774 , GCTTCCCCCTTTCCTAG
Pim1 , 1 ,391,G,C,0.29908 , GAAGGAGCCCCTGGAGT
Pim1 , 1 ,401,C,G,0.288625 , CTGGAGTCGCAGTACCA
Pim1 , 1 ,415,C,G,0.0119367 , CCAGGTGGGCCCGCTAC
Pim1 , 1 ,490,G,A,0.427284 , GGTGAGTGGGCGCCCCG
Pim1 , 1 ,491,G,C,0.427284 , GTGAGTGGGCGCCCCGC
Pim1 , 1 ,643,G,C,0.274221 , GTGAGTGCCCTGCAGGA
Pim1 , 3 ,686,T,C,0.222439 , TGAGGGGCGCCCCCGAC
Pim1 , 1 ,934,T,C,0.160139 , TTCTTCTGGCAGGTGCT
RhoH , 2 ,54,G,T,0.0114943 , GTCAAAAGAAATTTTTC
RhoH , 1 ,149,A,T,0.00117664 , ACAGGGGGACGGGGGTC
RhoH , 1 ,150,C,T,0.99647 , CAGGGGGACGGGGGTCG
RhoH , 2 ,189,A,T,0.0069308 , ATTCACTGCCCCTCACC
RhoH , 1 ,262,T,C,0.0190081 , TTCCAGATATTCTAGAG
RhoH , 1 ,286,A,G,0.00299149 , ATGCTTGTGACTGTGGC
RhoH , 2 ,312,C,A,0.00310168 , CTGTATGGGTAGTTTAA
RhoH , 3 ,316,A,T,0.13624 , ATGGGTAGTTTAAATAC
RhoH , 1 ,322,A,G,0.135415 , AGTTTAAATACTACCCA
RhoH , 3 ,330,T,A,0.115403 , TACTACCCAAGGTTTGA
RhoH , 1 ,363,A,C,0.284561 , ATGCTCTAAGTTGTGCA
RhoH , 1 ,418,A,C,0.295806 , AGAACCGAAGTCTAAAT
RhoH , 1 ,463,C,G,0.00285003 , CTTGTGTTTTTCACCTA
RhoH , 1 ,523,A,G,0.314298 , ATAACATGTATTTTTTA
RhoH , 1 ,528,A,G,0.0190204 , ATGTATTTTTTAATTAA
RhoH , 1 ,617,A,G,0.284359 , ACTAAACAAAGTTTGGG
RhoH , 1 ,626,A,G,0.00378922 , AGTTTGGGAAATCACCG
RhoH , 1 ,658,C,T,0.00391335 , CTAAATGAAAGTTGCCA
RhoH , 1 ,861,C,T,0.00686162 , CACAGGCTTGAAGAGTT
RhoH , 1 ,888,C,T,0.00305503 , CATGGAGGGGGCCTGGG
RhoH , 1 ,906,G,A,0.00346357 , GCAAACTGGAGTTGTCA
Vh1-18 , 1 ,64,G,A,0.986814 , GCTCGTGGATGTGTCTG
Vh1-18 , 1 ,65,C,T,0.986814 , CTCGTGGATGTGTCTGT
Vh1-18 , 1 ,73,T,C,0.98713 , TGTGTCTGTGGTCATGG
Vh1-18 , 1 ,78,C,T,0.114973 , CTGTGGTCATGGTGACT
Vh1-18 , 1 ,106,C,T,0.986884 , CTTCTGTGCATAGTTTG
Vh1-18 , 1 ,114,C,T,0.0906658 , CATAGTTTGTGTTACCA
Vh1-18 , 1 ,119,T,C,0.577492 , TTTGTGTTACCATTGTA
Vh1-18 , 1 ,119,T,G,0.00314383 , TTTGTGTTACCATTGTA
Vh1-18 , 1 ,134,T,G,0.861799 , TAAGCGCTGATCCATCC
Vh1-18 , 1 ,138,C,G,0.983019 , CGCTGATCCATCCCATC
Vh1-18 , 1 ,148,T,C,0.973702 , TCCCATCCACTCAAGCC
Vh1-18 , 1 ,153,T,C,0.0200992 , TCCACTCAAGCCCTTGT
Vh1-18 , 1 ,191,C,G,0.869753 , CTGATACCATAGCTGGT
Vh1-18 , 1 ,191,C,T,0.118585 , CTGATACCATAGCTGGT
Vh1-18 , 1 ,197,C,G,0.106627 , CCATAGCTGGTAAAGGT
Vh1-18 , 1 ,198,C,T,0.304966 , CATAGCTGGTAAAGGTG
Vh1-18 , 1 ,203,C,T,0.98897 , CTGGTAAAGGTGTAACC
Vh1-18 , 1 ,206,G,A,0.011669 , GTAAAGGTGTAACCAGA
Vh1-18 , 1 ,208,A,G,0.988729 , AAAGGTGTAACCAGAAG
Vh1-18 , 1 ,212,G,A,0.988729 , GTGTAACCAGAAGCCTT
Vh1-18 , 1 ,229,G,A,0.00874215 , GCAGGAGACCTTCACTG
Vh1-18 , 1 ,270,C,T,0.980308 , CTCCAGACTGCACCAGC
Vh1-18 , 1 ,282,C,G,0.0022184 , CCAGCTGAACCTGGGAG
Vh1-18 , 1 ,285,G,A,0.974267 , GCTGAACCTGGGAGTGG
Vh1-18 , 1 ,286,C,T,0.983288 , CTGAACCTGGGAGTGGG
Vh1-18 , 1 ,344,A,G,0.957256 , ACTGGCCTGGTTTCTCT
Vh1-18 , 1 ,366,C,T,0.986957 , CCCTGGGACTGGGGAGT
Vh1-18 , 1 ,394,T,A,0.0210421 , TGCTGCTGCCACCAAGA
myc-1 , 1 ,426,T,-,0.00119577 , TTTTTTTCGGGTAGTGG
myc-1 , 1 ,961,C,T,0.0580822 , CACTGCGGCGCGTCCCG
myc-2 , 1 ,90,A,G,0.30945 , ACTATGACCTCGACTAC
myc-2 , 1 ,155,C,-,0.00169348 , CAGCAGCAGCAGCAGAG
myc-2 , 1 ,156,A,-,0.00169348 , AGCAGCAGCAGCAGAGC
myc-2 , 1 ,157,G,-,0.00169348 , GCAGCAGCAGCAGAGCG
syk , 1 ,383,T,A,0.00366673 , TGCGGAAAGTGACCCGG
syk , 1 ,1053,A,-,0.0975945 , AAAAAAAAAAAAGAGTT
syk , 1 ,1054,A,-,0.0135259 , AAAAAAAAAAAGAGTTG
